t,theta
0.011,-0.468
0.023,-0.455
0.036,-0.447
0.048,-0.437
0.059,-0.43
0.072,-0.424
0.084,-0.415
0.096,-0.407
0.107,-0.393
0.12,-0.382
0.132,-0.376
0.144,-0.371
0.156,-0.358
0.168,-0.35
0.18,-0.342
0.192,-0.33
0.204,-0.323
0.216,-0.317
0.228,-0.308
0.241,-0.299
0.252,-0.29
0.264,-0.278
0.276,-0.265
0.288,-0.256
0.3,-0.249
0.312,-0.242
0.324,-0.237
0.336,-0.223
0.348,-0.215
0.36,-0.205
0.373,-0.204
0.384,-0.2
0.396,-0.189
0.408,-0.187
0.421,-0.179
0.432,-0.179
0.444,-0.167
0.457,-0.162
0.469,-0.163
0.48,-0.158
0.492,-0.155
0.505,-0.147
0.517,-0.139
0.528,-0.132
0.541,-0.124
0.553,-0.122
0.565,-0.119
0.576,-0.116
0.589,-0.11
0.601,-0.11
0.613,-0.102
0.625,-0.099
0.637,-0.092
0.649,-0.087
0.661,-0.083
0.673,-0.086
0.685,-0.082
0.697,-0.082
0.71,-0.08
0.721,-0.079
0.733,-0.083
0.745,-0.084
0.757,-0.078
0.769,-0.077
0.781,-0.079
0.793,-0.077
0.805,-0.069
0.817,-0.07
0.829,-0.069
0.842,-0.068
0.853,-0.067
0.865,-0.064
0.877,-0.063
0.89,-0.059
0.901,-0.053
0.913,-0.053
0.926,-0.047
0.938,-0.049
0.949,-0.041
0.961,-0.041
0.974,-0.037
0.986,-0.038
0.997,-0.034
1.01,-0.034
1.022,-0.036
1.034,-0.035
1.045,-0.034
1.058,-0.032
1.07,-0.026
1.082,-0.02
1.094,-0.012
1.106,-0.011
1.118,-0.013
1.129,-0.009
1.142,-0
1.154,0.002
1.166,0.004
1.177,0.007
1.19,0.006
1.202,0.007
1.214,0.006
1.226,0.007
1.238,0.006
1.25,0.012
1.261,0.013
1.274,0.015
1.286,0.008
1.298,0.013
1.31,0.015
1.322,0.018
1.334,0.02
1.346,0.024
1.358,0.019
1.37,0.02
1.382,0.019
1.394,0.018
1.406,0.018
1.418,0.016
1.43,0.018
1.442,0.018
1.454,0.017
1.466,0.012
1.479,0.01
1.49,0.014
1.502,0.016
1.514,0.018
1.526,0.019
1.538,0.017
1.55,0.02
1.563,0.022
1.574,0.025
1.586,0.033
1.598,0.034
1.61,0.034
1.622,0.041
1.634,0.042
1.646,0.04
1.658,0.046
1.67,0.048
1.682,0.045
1.695,0.046
1.706,0.051
1.718,0.052
1.73,0.048
1.743,0.052
1.754,0.052
1.766,0.054
1.779,0.05
1.79,0.049
1.802,0.055
1.814,0.057
1.827,0.052
1.838,0.049
1.85,0.044
1.863,0.044
1.875,0.044
1.886,0.044
1.898,0.04
1.911,0.044
1.922,0.044
1.934,0.046
1.947,0.04
1.959,0.043
1.97,0.044
1.982,0.046
1.995,0.046
2.007,0.048
2.018,0.038
2.03,0.039
2.043,0.038
2.055,0.034
2.066,0.034
2.079,0.034
2.091,0.037
2.102,0.04
2.114,0.046
2.127,0.046
2.139,0.044
2.15,0.037
2.163,0.036
2.175,0.039
2.187,0.042
2.198,0.043
2.211,0.044
2.223,0.045
2.234,0.051
2.247,0.057
2.259,0.064
2.271,0.068
2.282,0.063
2.295,0.059
2.307,0.058
2.319,0.057
2.331,0.052
2.343,0.049
2.355,0.045
2.367,0.05
2.379,0.047
2.391,0.049
2.403,0.05
2.414,0.049
2.427,0.049
2.439,0.053
2.451,0.049
2.463,0.05
2.475,0.043
2.487,0.052
2.499,0.055
2.511,0.055
2.523,0.054
2.535,0.059
2.547,0.062
2.559,0.07
2.571,0.066
2.583,0.063
2.595,0.065
2.607,0.062
2.619,0.063
2.632,0.068
2.643,0.064
2.655,0.061
2.667,0.064
2.679,0.07
2.691,0.077
2.703,0.078
2.716,0.075
2.727,0.077
2.739,0.08
2.751,0.082
2.764,0.083
2.775,0.087
2.787,0.095
2.799,0.095
2.812,0.084
2.823,0.079
2.835,0.066
2.848,0.067
2.859,0.071
2.871,0.069
2.883,0.072
2.896,0.073
2.907,0.072
2.919,0.07
2.932,0.074
2.944,0.075
2.955,0.07
2.967,0.069
2.98,0.066
2.992,0.067
3.003,0.07
3.016,0.067
3.028,0.072
3.039,0.071
3.051,0.071
3.064,0.073
3.076,0.078
3.087,0.072
3.1,0.072
3.112,0.072
3.124,0.072
3.135,0.076
3.148,0.073
3.16,0.078
3.172,0.077
3.183,0.083
3.196,0.09
3.208,0.082
3.219,0.082
3.232,0.077
3.244,0.077
3.256,0.074
3.267,0.072
3.28,0.071
3.292,0.067
3.304,0.069
3.316,0.068
3.328,0.071
3.34,0.072
3.352,0.071
3.364,0.07
3.376,0.07
3.388,0.068
3.4,0.07
3.412,0.071
3.424,0.069
3.436,0.066
3.448,0.063
3.46,0.065
3.472,0.062
3.485,0.065
3.496,0.065
3.508,0.069
3.52,0.072
3.532,0.068
3.544,0.066
3.556,0.064
3.569,0.064
3.58,0.068
3.592,0.069
3.604,0.066
3.617,0.065
3.628,0.065
3.64,0.065
3.652,0.066
3.665,0.069
3.676,0.063
3.688,0.064
3.701,0.061
3.712,0.056
3.724,0.051
3.736,0.052
3.749,0.052
3.76,0.059
3.772,0.058
3.785,0.058
3.797,0.057
3.808,0.056
3.82,0.05
3.833,0.052
3.845,0.052
3.856,0.048
3.869,0.05
3.881,0.049
3.892,0.052
3.904,0.048
3.917,0.043
3.929,0.05
3.94,0.044
3.953,0.051
3.965,0.056
3.977,0.051
3.988,0.045
4.001,0.049
4.013,0.052
4.024,0.048
4.036,0.052
4.049,0.057
4.061,0.062
4.072,0.061
4.085,0.066
4.097,0.065
4.109,0.064
4.12,0.064
4.133,0.065
4.145,0.067
4.156,0.066
4.169,0.069
4.181,0.064
4.193,0.068
4.204,0.064
4.217,0.061
4.229,0.058
4.241,0.058
4.253,0.062
4.265,0.061
4.277,0.058
4.289,0.057
4.301,0.061
4.313,0.062
4.325,0.067
4.337,0.068
4.349,0.068
4.361,0.068
4.373,0.072
4.385,0.071
4.397,0.09
4.409,0.066
4.422,0.103
4.433,0.071
4.445,0.074
4.457,0.075
4.47,0.071
4.481,0.075
4.493,0.075
4.505,0.067
4.517,0.062
4.529,0.071
4.541,0.062
4.554,0.064
4.565,0.067
4.577,0.075
4.589,0.075
4.602,0.082
4.613,0.079
4.625,0.087
4.638,0.084
4.649,0.08
4.661,0.069
4.673,0.066
4.686,0.063
4.697,0.065
4.709,0.075
4.722,0.076
4.734,0.081
4.745,0.088
4.757,0.088
4.77,0.091
4.781,0.081
4.793,0.08
4.806,0.082
4.818,0.076
4.829,0.075
4.841,0.073
4.854,0.078
4.866,0.084
4.877,0.082
4.889,0.084
4.902,0.089
4.914,0.093
4.925,0.09
4.938,0.084
4.95,-2.882
4.961,-1.951
4.973,-0.246
4.986,1.67
4.997,5.167
5.009,7.972
5.022,11.121
5.033,13.714
5.045,16.456
5.057,19.253
5.07,21.71
5.082,23.698
5.093,25.294
5.106,26.801
5.118,28.049
5.13,28.817
5.141,29.195
5.154,29.223
5.166,28.903
5.178,28.246
5.19,27.296
5.202,26.048
5.214,24.488
5.226,22.632
5.239,20.297
5.25,18.155
5.262,15.606
5.275,12.775
5.287,10.07
5.298,7.503
5.31,4.769
5.323,1.751
5.335,-0.983
5.346,-3.495
5.358,-6.228
5.371,-9.456
5.383,-12.183
5.394,-14.667
5.407,-17.666
5.419,-20.449
5.431,-23.242
5.443,-25.925
5.455,-28.44
5.467,-30.735
5.479,-32.704
5.492,-34.541
5.503,-35.762
5.515,-36.829
5.527,-36.092
5.54,-35.371
5.551,-35.991
5.562,-35.961
5.575,-35.989
5.586,-35.959
5.598,-35.165
5.609,-34.429
5.622,-33.622
5.633,-32.918
5.644,-32.227
5.656,-31.508
5.668,-30.802
5.679,-28.508
5.691,-25.879
5.704,-22.839
5.715,-20.119
5.727,-17.063
5.739,-13.928
5.752,-10.609
5.763,-7.811
5.775,-4.758
5.788,-1.515
5.799,1.211
5.811,4.125
5.823,6.913
5.836,9.646
5.847,11.924
5.859,14.268
5.871,16.405
5.884,18.474
5.895,19.988
5.907,21.416
5.92,22.521
5.932,23.327
5.944,23.642
5.955,23.997
5.968,24.111
5.98,24.002
5.992,23.808
6.004,23.168
6.016,22.401
6.028,21.444
6.04,20.223
6.053,18.759
6.064,17.364
6.076,15.639
6.089,13.623
6.101,11.623
6.112,9.679
6.124,7.588
6.137,5.187
6.149,2.95
6.16,0.87
6.173,-1.652
6.185,-3.991
6.197,-6.313
6.208,-8.389
6.221,-10.816
6.233,-12.943
6.245,-14.948
6.257,-16.869
6.269,-18.666
6.281,-20.322
6.293,-21.855
6.306,-23.313
6.317,-24.335
6.329,-25.257
6.342,-25.998
6.354,-26.408
6.366,-26.595
6.377,-26.566
6.39,-26.357
6.402,-25.942
6.414,-25.34
6.427,-24.566
6.438,-23.739
6.45,-22.667
6.462,-21.417
6.475,-19.901
6.486,-18.461
6.498,-16.767
6.51,-14.955
6.523,-13.04
6.534,-11.443
6.545,-9.879
6.558,-7.561
6.569,-5.567
6.581,-3.376
6.593,-1.198
6.606,1.132
6.617,3.052
6.629,5.081
6.642,7.19
6.654,9.091
6.665,10.754
6.677,12.364
6.69,13.967
6.702,15.307
6.713,16.307
6.726,17.328
6.738,18.045
6.75,18.575
6.762,18.94
6.774,19.123
6.786,19.127
6.798,18.946
6.811,18.562
6.822,18.081
6.834,17.404
6.846,16.576
6.859,15.542
6.871,14.445
6.882,13.323
6.894,11.989
6.907,10.455
6.919,8.96
6.93,7.516
6.943,5.748
6.955,4.07
6.967,2.377
6.978,0.798
6.991,-1.065
7.003,-2.769
7.015,-4.438
7.027,-6.076
7.039,-7.647
7.051,-9.146
7.063,-10.554
7.075,-11.871
7.087,-13.087
7.099,-14.165
7.112,-15.215
7.124,-16.018
7.135,-16.618
7.147,-17.133
7.16,-17.548
7.172,-17.763
7.184,-17.832
7.196,-17.741
7.208,-17.523
7.22,-17.155
7.232,-16.654
7.244,-16.02
7.256,-15.262
7.268,-14.388
7.281,-13.319
7.293,-12.227
7.304,-11.133
7.316,-9.854
7.329,-8.393
7.341,-6.983
7.353,-5.523
7.364,-4.16
7.377,-2.533
7.389,-1.026
7.4,0.349
7.413,1.951
7.425,3.394
7.437,4.788
7.448,6.001
7.461,7.397
7.473,8.59
7.485,9.648
7.497,10.628
7.509,11.481
7.521,12.23
7.533,12.845
7.545,13.328
7.557,13.674
7.569,13.888
7.582,13.982
7.594,13.929
7.605,13.759
7.617,13.46
7.63,13.031
7.642,12.503
7.653,11.932
7.666,11.169
7.678,10.343
7.69,9.451
7.702,8.492
7.714,7.466
7.726,6.389
7.738,5.264
7.75,4.108
7.762,2.936
7.774,1.744
7.786,0.54
7.798,-0.65
7.81,-1.829
7.822,-2.977
7.835,-4.173
7.846,-5.141
7.858,-6.153
7.87,-7.09
7.883,-8.041
7.894,-8.74
7.906,-9.447
7.918,-10.05
7.931,-10.602
7.942,-10.961
7.954,-11.253
7.967,-11.469
7.979,-11.555
7.991,-11.54
8.002,-11.429
8.015,-11.198
8.027,-10.895
8.039,-10.506
8.052,-9.997
8.063,-9.491
8.075,-8.865
8.087,-8.169
8.1,-7.349
8.111,-6.599
8.123,-5.732
8.136,-4.744
8.148,-3.804
8.159,-2.913
8.171,-1.927
8.184,-0.856
8.196,0.124
8.207,1.011
8.22,2.043
8.232,2.965
8.244,3.857
8.255,4.626
8.268,5.483
8.28,6.196
8.292,6.851
8.303,7.372
8.316,7.912
8.328,8.316
8.339,8.606
8.352,8.865
8.364,9.012
8.376,9.066
8.387,9.031
8.4,8.922
8.412,8.727
8.424,8.466
8.436,8.133
8.448,7.746
8.46,7.299
8.472,6.797
8.484,6.238
8.496,5.64
8.508,4.998
8.521,4.274
8.532,3.626
8.544,2.907
8.556,2.175
8.568,1.431
8.58,0.69
8.592,-0.047
8.605,-0.84
8.616,-1.488
8.628,-2.171
8.64,-2.834
8.653,-3.503
8.664,-4.033
8.676,-4.563
8.689,-5.092
8.701,-5.522
8.712,-5.858
8.724,-6.158
8.737,-6.427
8.749,-6.604
8.76,-6.707
8.772,-6.747
8.785,-6.734
8.797,-6.658
8.808,-6.524
8.821,-6.331
8.833,-6.093
8.845,-5.807
8.856,-5.512
8.869,-5.117
8.881,-4.717
8.893,-4.285
8.905,-3.817
8.917,-3.327
8.929,-2.816
8.941,-2.294
8.953,-1.752
8.965,-1.207
8.977,-0.66
8.99,-0.066
